Title,Podcaster,Author,Ship,Link
(Un)wanted,Aibidil,Aibidil,Draco Malfoy/Harry Potter,https://archiveofourown.org/works/40103235
5 times Draco Malfoy lied because of Harry Potter (and 1 time he was uncharacteristically honest),ETL_Echo_Audiobooks,Ingi,Draco Malfoy/Harry Potter,https://archiveofourown.org/works/41814702
6 Lessons From a Dead Man,fire_juggler,Roozette,Harry Potter/Severus Snape,https://archiveofourown.org/works/309648
A Bitter Justice,EllaMcSmellBella,gloivy,Hermione Granger/Draco Malfoy,https://archiveofourown.org/works/44201341
A Black and a Potter,peaceinpanem,TheFeistyRogue,Regulus Black/James Potter,https://archiveofourown.org/works/49397263
A Careful Facade,kitartpods (kitsunerei88),In_Dreams,Pansy Parkinson/Percy Weasley,https://archiveofourown.org/works/48931135
A Christmas Collaboration,EllaMcSmellBella,Musyc,Hermione Granger/Draco Malfoy,https://archiveofourown.org/works/43407688
A Different Sort of Dread,EllaMcSmellBella,itscometothis,Hermione Granger/Draco Malfoy,https://archiveofourown.org/works/41331801
A Dramione Halloween,EllaMcSmellBella,Mermaid886,Hermione Granger/Draco Malfoy,https://archiveofourown.org/works/50142277
A Drunken Confession,Dramione Oneshots,,Hermione Granger/Draco Malfoy,https://open.spotify.com/episode/0IhdVB9ULoBa7wwiRyxGyD?si=f05f51a4bd9144a2
A Gentlemans Agreement,Static_Whisper,Elucreh,"Cedric Diggory/Oliver Wood, Percy Weasley/Oliver Wood",https://archiveofourown.org/works/31323605
A Magical Morning,EllaMcSmellBella,Musyc,Hermione Granger/Draco Malfoy,https://archiveofourown.org/works/43630386
A most plausible Explanation,Podfics by Juuls (Juulna),noxsoulmate,Hermione Granger/Remus Lupin,https://archiveofourown.org/works/47206477
A Muggleborns Guide to Bagging a Pureblood,The Dramione Archives,ravengoldy,Hermione Granger/Draco Malfoy,https://open.spotify.com/episode/01E42Esuk1rEaT06EGxGjQ?si=ab8ccd97442347aa
A Non-Christmas Non-Romance,ETL_Echo_Audiobooks,kelly_chambliss,Minerva McGonagall/Severus Snape,https://archiveofourown.org/works/52382296
A Peace Offering,micha_making_podfics,Lalalaartje,Draco Malfoy/Harry Potter,https://archiveofourown.org/works/47034886
A Purrfect Proxy,ETL_Echo_Audiobooks,mightbewriting,Hermione Granger/Draco Malfoy,https://archiveofourown.org/works/43758636
"A Safe, Devoted Darkness",EllaMcSmellBella,HeyJude19,Hermione Granger/Draco Malfoy,https://archiveofourown.org/works/42352986/chapters/106354143
A Slow Cruel Descent,EllaMcSmellBella,SenLinYu,Hermione Granger/Draco Malfoy,https://open.spotify.com/episode/2cDUQNa1hYjxiPHCRtZaPu?si=c222cc153fb34d9a
A Small Present,EllaMcSmellBella,Musyc,Hermione Granger/Draco Malfoy,https://archiveofourown.org/works/43341282
A Stake of Holly Through His Heart,ETL_Echo_Audiobooks,LovesBitca8,Hermione Granger/Draco Malfoy,https://archiveofourown.org/works/41137725
A Stranger Walk Into A Bar,BurningAurora,weightyghosts,Sirius Black/Remus Lupin,https://open.spotify.com/episode/5Za1kJmYHVQdglfBXHSsmY?si=349a2a864296496f
A Tale of Two Tents,ETL_Echo_Audiobooks,who_la_hoop,Draco Malfoy/Harry Potter,https://archiveofourown.org/works/44268982
A Wish Come True,inmyownlittle_podfic_corner,KasmiAnn,Draco Malfoy/Fred Weasley,https://archiveofourown.org/works/44792023
A Witch’s Wedding,ETL_Echo_Audiobooks,"elithien, senlinyu",Hermione Granger/Draco Malfoy,https://archiveofourown.org/works/41138394/chapters/103120368
A Woman of Independent Means,meems_toandend,PacificRimbaud,Hermione Granger/Draco Malfoy,https://open.spotify.com/episode/1HAira7I9KYJtnWeusZY1b?si=f288a4679adf41ee
Accidentally on Purpose,peaceinpanem,aibidil,Scorpius Malfoy/Albus Severus Potter,https://archiveofourown.org/works/49260658
Adeste Fideles,ETL_Echo_Audiobooks,Mad_Maudlin,Draco Malfoy/Ron Weasley,https://archiveofourown.org/works/52416835
After,DontStopHerPodfics,DontStopHerNow,Sirius Black/Remus Lupin/Lily Evans Potter,https://archiveofourown.org/works/48820309
Aftermath,JocundaSykes,Avioleta,Harry Potter/Severus Snape,https://archiveofourown.org/works/31350713
against a sure winter,ETL_Echo_Audiobooks,skitter,Hermione Granger/Draco Malfoy,https://archiveofourown.org/works/43757223
All I want for Christmas is You ( Literally),ETL_Echo_Audiobooks,forgotten_traveler,Hermione Granger/Draco Malfoy,https://archiveofourown.org/works/43758484
All Yours,The Dramione Archives,sweetestsorrows,Hermione Granger/Draco Malfoy,https://open.spotify.com/episode/0cee7FAXSc5OhJDgz5dWpr?si=7678b29bcb234de0
Aloe You Vera Much,inmyownlittle_podfic_corner,pandora_rose_xo,Neville Longbottom/Ron Weasley,https://archiveofourown.org/works/45174871
Amortentia,Draco Malfoy Podfics,fallingforfictionalcharacterss,Hermione Granger/Draco Malfoy,https://open.spotify.com/episode/0qDWQgMfAmWRd6uTSGQ06O?si=7tg0vnZPQR2GicWpyXds7A
Amortentia,JocundaSykes,Avioleta,Harry Potter/Severus Snape,https://archiveofourown.org/works/36101479
An Apple A Day,ViolaMoon,ViolaMoon,Hermione Granger/Draco Malfoy,https://soundcloud.com/user-754693218/an-apple-a-day
An Inconvenient Flutter,EllaMcSmellBella,niffizzle,Hermione Granger/Draco Malfoy,https://archiveofourown.org/works/43785124
An Inexplicable Promise,SilverMiss Fanfiction,,Hermione Granger/Remus Lupin,https://open.spotify.com/episode/5SrZN1pJzsOqmsvysymUpL?si=d083d1dc4dd640bf
an infusion of bitterness,kitartpods (kitsunerei88),Tavina,Petunia Evans Dursley & Lily Evans Potter,https://archiveofourown.org/works/46974283
An Occasional Fallacy,EllaMcSmellBella,In_Dreams,Hermione Granger/Draco Malfoy,https://archiveofourown.org/works/41703897
And An Owl Named Romeo,fire_juggler,Rickey,Draco Malfoy/Harry Potter,https://archiveofourown.org/works/309295
Après Ski,EllaMcSmellBella,scullymurphy,Hermione Granger/Draco Malfoy,https://archiveofourown.org/works/43425012
Arctic Wolf ,ETL_Echo_Audiobooks,sodamnrad ,Hermione Granger/Draco Malfoy,https://archiveofourown.org/works/43756981
Ardent Bonds,ETL_Echo_Audiobooks,Musyc,Hermione Granger/Draco Malfoy,https://archiveofourown.org/works/38195155
Baby On Board,BurningAurora,aqua_myosotis,Sirius Black/Remus Lupin,https://open.spotify.com/episode/4WdeDoCqSQq2Ixiomcl48k?si=07ffac25a4b54ef6
Backstage,picascribit,picascribit,Sirius Black/Remus Lupin,https://archiveofourown.org/works/978819/chapters/1926496
Bad Moon Rising,EllaMcSmellBella,tygermine,Hermione Granger/Draco Malfoy,https://archiveofourown.org/works/41703936
Bathed in the Moonlight,BurningAurora,TherestheSnitch,Sirius Black/Remus Lupin,https://open.spotify.com/episode/02jLepGFYqQF0FGOhVXQyT?si=cca19c0cb9594392
"Beards, Booty Shorts, and Binaries",RattleandHum (ThirdEye1234),Aibidil,Draco Malfoy/Harry Potter,https://archiveofourown.org/works/33310747
"Because You Called the Wrong Person, But He Was Into It Anyway",ETL_Echo_Audiobooks,gracerene,Draco Malfoy/Harry Potter,https://archiveofourown.org/works/48825847
Believe Me!,inmyownlittle_podfic_corner,WritingFicariously,Arthur Weasley/Molly Weasley,https://archiveofourown.org/works/44468071
Beltane,ETL_Echo_Audiobooks,"elithien, senlinyu",Hermione Granger/Draco Malfoy,https://archiveofourown.org/works/41138175
Best Mates,picascribit,picascribit,Scorpius Malfoy/Albus Severus Potter,https://archiveofourown.org/works/7656883
Black Hole,melissamwrites,melissamwrites,Regulus Black/Sirius Black,https://archiveofourown.org/works/51671095
black smoke up around the bend (going home),kitartpods (kitsunerei88),Tavina,Petunia Evans Dursley & Harry Potter,https://archiveofourown.org/works/47230039
Blooming,Flowerparrish Pods (Flowerparrish),LiraelClayr007,Luna Lovegood & Viktor Krum,https://archiveofourown.org/works/31274297
Blue Sheets,ETL_Echo_Audiobooks,firethesound,Draco Malfoy/Harry Potter,https://archiveofourown.org/works/41660157
Blue Sheets,RattleandHum (ThirdEye1234),firethesound,Draco Malfoy/Harry Potter,https://archiveofourown.org/works/35451352
Boiling Point,Aibidil,Aibidil,Draco Malfoy/Harry Potter,https://archive.org/details/boiling-point_202302
"brandy, apricot, and spice",EllaMcSmellBella,LovesBitca8,Hermione Granger/Draco Malfoy,https://archiveofourown.org/works/43407432
"brandy, apricot, and spice",ETL_Echo_Audiobooks,LovesBitca8,Hermione Granger/Draco Malfoy,https://archiveofourown.org/works/41137764
By Any Other Name,sweaters_in_the_summer,stellates,Draco Malfoy/Harry Potter,https://archiveofourown.org/works/53271664
By Chance,Podfics by Juuls (Juulna),rosestone,Dudley Dursley & Harry Potter,https://archiveofourown.org/works/39410010
Cake,lazulus,astolat,Draco Malfoy/Harry Potter,https://archiveofourown.org/works/7805179
"calamitous love, insurmountable gried",Dramione Podfics,,Hermione Granger/Draco Malfoy,https://open.spotify.com/episode/3UyIjkML0ZSuAAhYrC92Ui?si=8ffe37960a69439d
Can't Fight The Moonlight,sweaters_in_the_summer,sunsetmog,Draco Malfoy/Harry Potter,https://archiveofourown.org/works/50373079
Can't Look at the Stars (Halloween 1981),peaceinpanem,BrigidFaye,"Sirius Black/Remus Lupin, James Potter/Lily Evans Potter",https://archiveofourown.org/works/51236122
Can't Take The Sky,JocundaSykes,Cluegirl,Harry Potter/Severus Snape,https://archiveofourown.org/works/52632856
Capitulations,JocundaSykes,basketofnovas (slashmarks),"Rodolphus-OC Female, Bellatrix-Rodolphus",https://archiveofourown.org/works/22973977
Capture Rate,EllaMcSmellBella,"ChaosAndCrumpets, Saberspooky, slytherindiaries",Hermione Granger/Draco Malfoy,https://archiveofourown.org/works/50142019
Cards Against the Ministry,nocturn,storyofeden,"Hermione, Tonks",https://archiveofourown.org/works/52170586
Carpe Piscis,EllaMcSmellBella,tygermine,Hermione Granger/Draco Malfoy,https://archiveofourown.org/works/41828163
Catch and Release,fire_juggler,Roozette,Harry Potter/Severus Snape,https://archiveofourown.org/works/309650
Chocolate Cocks and How to Make Them,ETL_Echo_Audiobooks,drarryruinedme7,Draco Malfoy/Harry Potter,https://archiveofourown.org/works/51008737
Christmas in March,RattleandHum (ThirdEye1234),sebastianL,Draco Malfoy/Harry Potter,https://archiveofourown.org/works/35846569
Citation Formatting and Other Love Languages,RattleandHum (ThirdEye1234),HeyJude19,Hermione Granger/Draco Malfoy,https://archiveofourown.org/works/35360347
Coming Across a Silver Moon,BurningAurora,sliebman10,Sirius Black/Remus Lupin,https://open.spotify.com/episode/6RvyhxfeHP8gu5fnwD6UVN?si=8d8ecc0522294e89
commit this to memory,ETL_Echo_Audiobooks,skitter,Hermione Granger/Draco Malfoy,https://archiveofourown.org/works/41115696
Common Ground,EllaMcSmellBella,tofadeawayagain,Hermione Granger/Draco Malfoy,https://archiveofourown.org/works/41703831
"Common Spaces, Empty Places",ETL_Echo_Audiobooks,"elithien, senlinyu",Hermione Granger/Draco Malfoy,https://archiveofourown.org/works/41138973
"consumed, obsessed, and attached",ETL_Echo_Audiobooks,"elithien, senlinyu",Hermione Granger/Draco Malfoy,https://archiveofourown.org/works/41138451
Cool Hand Granger,ETL_Echo_Audiobooks,pacificrimbaud,Hermione Granger/Draco Malfoy,https://archiveofourown.org/works/41814819
Dance With Me,EllaMcSmellBella,Enigmaticrose4,Hermione Granger/Draco Malfoy,https://archiveofourown.org/works/41703999
"dancing bears, painted wings",EllaMcSmellBella,LovesBitca9,Hermione Granger/Draco Malfoy,https://archiveofourown.org/works/43407670
Deadheading the Odd Dahlia,ETL_Echo_Audiobooks,peachpety,Draco Malfoy/Harry Potter,https://archiveofourown.org/works/50179858
Detention,Draco Malfoy Podfics,fallingforfictionalcharacterss,Hermione Granger/Draco Malfoy,https://open.spotify.com/episode/5MjXlJRmRmkHsQ9Ipf0xd8?si=XEHnmS5gQXqJCB71qTI6Hw
Diary,EllaMcSmellBella,EllaMcSmellBella,Hermione Granger/Draco Malfoy,https://archiveofourown.org/works/44416951
Divination and Deviation,Snamione Reads,SallySlytherin,snamione,https://open.spotify.com/episode/4Mgy1pd3jKJBkj17mzeQp3?si=4b9d11b3aa534ebf
"Draco, Merrily On High",ETL_Echo_Audiobooks,blythely,Draco Malfoy/Harry Potter,https://archiveofourown.org/works/52139434
Dragonhide Trousers Required,ETL_Echo_Audiobooks,glittering_git ,Draco Malfoy/Harry Potter,https://archiveofourown.org/works/41207235
Dream Weaver,inmyownlittle_podfic_corner,emotionalsupporthufflepuff,Luna Lovegood/Draco Malfoy,https://archiveofourown.org/works/45153931
drops in the bucket,kitartpods (kitsunerei88),xslytherclawx,Percy Weasley,https://archiveofourown.org/works/50040166
Egyptology 101,EllaMcSmellBella,tygermine,Hermione Granger/Draco Malfoy,https://archiveofourown.org/works/41703792
Embers and Soot,"blackglass, dreamquaffle, horchatapods, InklingDancer, irrationalpie, JocundaSykesEncore, LenaReads (LenaLawlipop), lyraonyx, Mangacat, Podfics by Juuls (Juulna), Pods and Filks by (SerenaEW), SerenaEW, v0lumnius, with (wilfriede0815)",,* a capella song*,https://archiveofourown.org/works/52454990
Empty Burrow,Cailynwrites,copperbadge,Arthur Weasley/Molly Weasley,https://archiveofourown.org/works/53571133
Entangled,Static_Whisper,,Neville-Ron,https://archiveofourown.org/works/38852691
Epistolary Arrangements,DontStopHerPodfics,DontStopHerNow,Hermione Granger/Draco Malfoy,https://archiveofourown.org/works/48968776
Erosmancy,lazulus,astolat,Draco Malfoy/Harry Potter,https://archiveofourown.org/works/7804927
"Every Leaf That Unfurls, Every Petal That Blooms",micha_making_podfics,bafflinghaze,Draco Malfoy/Harry Potter,https://open.spotify.com/episode/4lv9PyUnWQOm3UpsC2n48W?si=c704f6906014464e
Faint of Heart,ETL_Echo_Audiobooks,eevans,Draco Malfoy/Harry Potter,https://archiveofourown.org/works/47464393
Falling,Draco Malfoy Podfics,fallingforfictionalcharacterss,Hermione Granger/Draco Malfoy,https://open.spotify.com/episode/0dfPp4QV3Sx4ONvO9DSm7t?si=M07ZozrFTtGgohpcPcoOOg
Falling Chandeliers,EllaMcSmellBella,Tygermine,Hermione Granger/Draco Malfoy,https://archiveofourown.org/works/41703615
fate and plans,ETL_Echo_Audiobooks,"elithien, senlinyu",Hermione Granger/Draco Malfoy,https://archiveofourown.org/works/41138862
Feeling Warm,ETL_Echo_Audiobooks,gnarf ,Draco Malfoy/Harry Potter,https://archiveofourown.org/works/43313140
Figure You Out by MalfoysMuggleMrs,ETL_Echo_Audiobooks,MalfoysMuggleMrs,Hermione Granger/Draco Malfoy,https://archiveofourown.org/works/47178901
Final Examination,JocundaSykes,asecretchord,Harry Potter/Severus Snape,https://archiveofourown.org/works/34551859
Finding Neville Longbottom,DontStopHerPodfics,DontStopHerNow,Neville Longbottom/Pansy Parkinson,https://archiveofourown.org/works/46501942
Five Little Things,ETL_Echo_Audiobooks,bixgirl1,Draco Malfoy/Harry Potter,https://archiveofourown.org/works/42581982
Five Little Things,RattleandHum (ThirdEye1234),Bixgirl1,Draco Malfoy/Harry Potter,https://archiveofourown.org/works/33764527
Five Reasons Hermione Thinks Luna is Brilliant,Flowerparrish Pods (Flowerparrish),Perfica,Hermione Granger/Luna Lovegood,https://archiveofourown.org/works/41149431
Focus Potion,ETL_Echo_Audiobooks,fwooshy,Draco Malfoy/Harry Potter,https://archiveofourown.org/works/51133783
For Old Times' Sake,ETL_Echo_Audiobooks,thestarryknight,Draco Malfoy/Harry Potter,https://archiveofourown.org/works/43158603
For Want of a Jumper,ETL_Echo_Audiobooks,"elithien, senlinyu",Hermione Granger/Draco Malfoy,https://archiveofourown.org/works/41138673
For Want of a Jumper,The Dramione Archives,"elithean, senlinyu",Hermione Granger/Draco Malfoy,https://open.spotify.com/episode/5p3q2Yo4yYG7DjZbBbcwtX?si=02ca4d93dce1417e
From Sunset to Star Rise,DontStopHerPodfics,Schmem_14,Harry Potter/Ron Weasley,https://archiveofourown.org/works/43122799
From The Start,The Dramione Archives,sweetestsorrows,Hermione Granger/Draco Malfoy,https://open.spotify.com/episode/1RGPIv6uvFS1fGv6XH2jM0?si=a156da1a3cea421f
Fulfilling of the Secret Wish,ETL_Echo_Audiobooks,smirkingcat,Remus Lupin/Draco Malfoy,https://archiveofourown.org/works/52304092
Garden War,JocundaSykes,Cibee,Draco Malfoy/Harry Potter,https://archiveofourown.org/works/31214915
Gender Norms and Equality,Dramione Oneshots,,Hermione Granger/Draco Malfoy,https://open.spotify.com/episode/1zJ90t9ZatPmLzwI3x3SLi?si=31dc9508ff0940c0
Ghosts in a Wishing Well,The Dramione Archives,namelessamelie,Hermione Granger/Draco Malfoy,https://open.spotify.com/episode/29Z0yO3uFxjJlHzMbDoU6j?si=7290e98a4c1e4117
glimpses of your universe,UnholyCrowley,MiaBrown,Hermione Granger/Draco Malfoy,https://archiveofourown.org/works/41111637
Going to the Chapel,BurningAurora,R33sesPieces,Sirius Black/Remus Lupin,https://open.spotify.com/episode/297xaM97jEu4BKJ61P7v1d?si=5a62b8285e344eae
Good Luck Kisses,ETL_Echo_Audiobooks,Musyc,Hermione Granger/Draco Malfoy,https://archiveofourown.org/works/41137809
GOODNIGHT FROM YOUR FUTURE HUSBAND,sweaters_in_the_summer,GallaPlacidia,Draco Malfoy/Harry Potter,https://archiveofourown.org/works/41967021
Gryffindors Never Kiss and Tell,RattleandHum (ThirdEye1234),FeelsForBreakfast,Draco Malfoy/Harry Potter,https://archiveofourown.org/works/37660090
Guardian Angel,Podfics by Juuls (Juulna),noxsoulmate,Hermione Granger & Harry Potter,https://archiveofourown.org/works/47151136
Harry Potter and the Curse of the Malfoy Dildo,Aibidil,Aibidil,Draco Malfoy/Harry Potter,https://archiveofourown.org/works/18247466
Haunted,EllaMcSmellBella,bentnotbroken1,Hermione Granger/Draco Malfoy,https://archiveofourown.org/works/42032004
He Hated Her,SilverMiss Fanfiction,,Hermione Granger/Tom Riddle,https://open.spotify.com/episode/3lZvx7xGMkJnXLAWpbPNmj?si=2887878886024eb9
Heal Thyself,lazulus,astolat,Draco Malfoy/Harry Potter,https://archiveofourown.org/works/38393641
Height,EllaMcSmellBella,SenLinYu,Hermione Granger/Draco Malfoy,https://archiveofourown.org/works/42370086
Height,The Dramione Archives,SenLinYu,Hermione Granger/Draco Malfoy,https://open.spotify.com/episode/4s5SYXtylhCLT5rsW32Iz0?si=0eef33728d4340e4
Her Indomitable ,EllaMcSmellBella,Art3misiA,Hermione Granger/Draco Malfoy,https://archiveofourown.org/works/41704170
Her Lips Alone,UnholyCrowley,leydileyla,Hermione Granger/Draco Malfoy,https://archiveofourown.org/works/40894800
Here and Present,EllaMcSmellBella,Musyc,Hermione Granger/Draco Malfoy,https://archiveofourown.org/works/43666617
Here and Present,The Dramione Archives,Musyc,Hermione Granger/Draco Malfoy,https://open.spotify.com/episode/3UkOPjCjxI75NCw8QlQfAA?si=66d42032b32a470e
Hide and Seek,micha_making_podfics,JulietsEmoPhase,Draco Malfoy/Harry Potter,https://open.spotify.com/episode/1pYlD40XrGQiIGmmZQxQj9?si=d65ad33a8dbc4323
Hints From Severus,JocundaSykes,"cruisedirector, Dementordelta",Harry Potter/Severus Snape,https://archiveofourown.org/works/44115576
Hippogriff Biscuits and Gingerbread Houses,ETL_Echo_Audiobooks,ArielSakura,Draco Malfoy/Harry Potter,https://archiveofourown.org/works/43675803
holding my breath,ETL_Echo_Audiobooks,OneEqualTemper,Hermione Granger/Draco Malfoy,https://archiveofourown.org/works/47473138
"Home Again, Home Again",JocundaSykes,pir8fancier,Draco Malfoy/Harry Potter,https://archiveofourown.org/works/39277755
Honeymoon Preparations,inmyownlittle_podfic_corner,teh_kris_eh,Hermione Granger & Pansy Parkinson,https://archiveofourown.org/works/44808898
hope is a dangerous thing for a woman like me to have,Dramione Podfics,ellieauthor,Hermione Granger/Draco Malfoy,https://open.spotify.com/episode/02rKsTBhQMRhtwnuIrW0Sp?si=9d233f764ad44d31
House Proud,lazulus,astolat,Draco Malfoy/Harry Potter,https://archiveofourown.org/works/7298308
House Unity,ETL_Echo_Audiobooks,tryslora,Neville Longbottom/Draco Malfoy,https://archiveofourown.org/works/52303816
How to Court Your Husband,peaceinpanem,magpie_fngrl,Draco Malfoy/Harry Potter,https://archiveofourown.org/works/50444392
Hyderabadi Pearl,ETL_Echo_Audiobooks,LakeWitch,Draco Malfoy/Harry Potter,https://archiveofourown.org/works/51314344
i am not a mother,Dramione Podfics,,Hermione Granger/Draco Malfoy,https://open.spotify.com/episode/0vssaVsV7x4TUKfYaK3Mtw?si=2ccd58c451934ac2
I Can See You,peaceinpanem,peaceinpanem,"Sirius Black/Remus Lupin, Regulus Black/James Potter",https://archiveofourown.org/works/48639523
I Could Never Hate You,Draco Malfoy Podfics,fallingforfictionalcharacterss,Hermione Granger/Draco Malfoy,https://open.spotify.com/episode/7paiwATBZnC7NCrZK6teag?si=HxRs6lZiR-mHxBYEKBS_wg
"I dream of you, to wake",reveriepi,harryromper,Draco Malfoy/Harry Potter,https://archiveofourown.org/works/47813149
I Found Love Where It Wasn't Supposed To Be,The Dramione Archives,dittanyanddreams,Hermione Granger/Draco Malfoy,https://open.spotify.com/episode/6Ji23crj3Kto99laWhz9or?si=dc7a95ade67a4eb1
I found you,peaceinpanem,de_sire,Sirius Black/Remus Lupin,https://archiveofourown.org/works/50000437
I Wanna Learn a Love Song,ETL_Echo_Audiobooks,HeyJude19 ,Pansy Parkinson/Ron Weasley,https://archiveofourown.org/works/41115744
"I, Ferret",reveriepi,curiouslyfic,Draco Malfoy/Harry Potter,https://archiveofourown.org/works/49882315
I'm Here,micha_making_podfics,Ladderofyears,Draco Malfoy/Harry Potter,https://archiveofourown.org/works/47034919
I'm Never Lonely When I'm With You,EllaMcSmellBella,PacificRimbaud,Hermione Granger/Draco Malfoy,https://archiveofourown.org/works/43666665
Ice,EllaMcSmellBella,senlinyu,Hermione Granger/Draco Malfoy,https://archiveofourown.org/works/43630275
Ice,Flowerparrish,senlinyu,Hermione Granger/Draco Malfoy,https://archiveofourown.org/works/42431484
If you kiss me will it be just like I dreamed it?,peaceinpanem,peaceinpanem,"Sirius Black/Remus Lupin, Regulus Black/James Potter",https://archiveofourown.org/works/48639637
Illumination,EllaMcSmellBella,In_Dreams,Hermione Granger/Draco Malfoy,https://archiveofourown.org/works/41780844
Imaging Us,digthewriter,wildfried0815,Draco Malfoy/Harry Potter,https://archiveofourown.org/works/52688047
Impress Upon,EllaMcSmellBella,senlinyu,Hermione Granger/Draco Malfoy,https://archiveofourown.org/works/43630311
In Love,Draco Malfoy Podfics,fallingforfictionalcharacterss,Hermione Granger/Draco Malfoy,https://open.spotify.com/episode/7i2uCHjB12MwM6YHlo8MSx?si=SQf-znWrTJK6kycNK1acKQ
In Need of a Proper Hug,Heartless Podfics,FaithWood,Draco Malfoy/Harry Potter,https://open.spotify.com/episode/2iYI32xqSeeyzEidRd9XeC?si=6ccb2f0c7f9944de
In-Dentured Love,ETL_Echo_Audiobooks,forgotten_traveler,Hermione Granger/Draco Malfoy,https://archiveofourown.org/works/41115777
Indulgence,ETL_Echo_Audiobooks,Inadaze22,Hermione Granger/Draco Malfoy,https://archiveofourown.org/works/38194819
ink and paper prayers,Podfics by Juuls (Juulna),kitsunerei88,Cho Chang/Cedric Diggory,https://archiveofourown.org/works/37919866
Inside These Walls,Albuss,Jackvbriefs,Draco Malfoy/Harry Potter,https://archiveofourown.org/works/44820670
Insomnia,ETL_Echo_Audiobooks,"elithien, senlinyu",Hermione Granger/Draco Malfoy,https://archiveofourown.org/works/41138817
Into The Unknown,froggyfun365,Kastaka,Hermione Granger/Draco Malfoy,https://archiveofourown.org/works/222036
Intrinsic Charm,ETL_Echo_Audiobooks,Arsenic,Luna Lovegood/Severus Snape,https://archiveofourown.org/works/50985100
Iris,The Dramione Archives,AurorNyx,Hermione Granger/Draco Malfoy/Theodore Nott,https://open.spotify.com/episode/2cZwII03NeWjdz1Sr3VLKy?si=e0b441ed7a484d80
Is This Ok?,inmyownlittle_podfic_corner,xxDustNight88,Narcissa Black Malfoy/Lily Evans Potter,https://archiveofourown.org/works/44493262
It's a Keeper,Flowerparrish Pods (Flowerparrish),sophh,Katie Bell/Alicia Spinnet,https://archiveofourown.org/works/43688257
"It's a Sweet Thing, Sweet Thing",micha_making_podfics,MacksDramaticShenanigans,Sirius Black/Remus Lupin,https://open.spotify.com/episode/7uj3koMuuT3bruPHQBg8tO?si=c3d00cb90ee5466a
It's Always Been You,SilverMiss Fanfiction,colubrina,Hermione Granger/Harry Potter,https://open.spotify.com/episode/0y0AinNAuhN68us8JsyJ8n?si=516faf2eba9a4ca9
"It's Called Fashion, Potter",ETL_Echo_Audiobooks,peachpety,Draco Malfoy/Harry Potter,https://archiveofourown.org/works/41935656
Just Like That,ETL_Echo_Audiobooks,Plume,Hermione Granger/Draco Malfoy,https://archiveofourown.org/works/38194999
Just Sex,picascribit,picascribit,Sirius Black/Remus Lupin,https://archiveofourown.org/works/935283
Kaleidoscope,ETL_Echo_Audiobooks,HeyJude19,Hermione Granger/Draco Malfoy,https://archiveofourown.org/works/43757124
Keep It Like a Secret,meems_toandend,PacificRimbaud,Hermione Granger/Draco Malfoy,https://open.spotify.com/episode/0ZWDc0pDHnaDHukspkclwZ?si=0bbea74df9f54013
Keep Your Eyes on Me,ETL_Echo_Audiobooks,ahhhnorealnamesallowed,Draco Malfoy/Harry Potter,https://archiveofourown.org/works/45519463
"Kiss Me, Haunt Me, Kill Me",EllaMcSmellBella,LovesBitca8,Hermione Granger/Draco Malfoy,https://archiveofourown.org/works/41703702
"Kiss Me, I'm Desperate",The Dramione Archives,Sparkly_Bee,Hermione Granger/Draco Malfoy,https://open.spotify.com/episode/5Ku08IXXXY5PBl9DvT3lBg?si=2187e5297bf54cca
Kriegspiel,JocundaSykes,Mad_Maudlin,Lucius Malfoy & Ron Weasley,https://archiveofourown.org/works/31138808
Labyrinth of Love,Podfics by Juuls (Juulna),noxsoulmate,Harry Potter/Blaise Zabini,https://archiveofourown.org/works/47207320
Landslide,mothlights,Libby Drew,Draco Malfoy/Harry Potter,https://archiveofourown.org/works/1324750
Lattes and Larceny,ETL_Echo_Audiobooks,eveningstruggle,Hermione Granger/Draco Malfoy,https://archiveofourown.org/works/43758586
Laundry Day,sunflower_swan_pods,peachpety,Draco Malfoy/Harry Potter,https://archiveofourown.org/works/41875524
Law of Reciprocity,ETL_Echo_Audiobooks,"Xeline, LucidLucy",Hermione Granger/Draco Malfoy,https://archiveofourown.org/works/41115882
Let Nothing You Dismay,starduchess,eevilalice,Hermione Granger/Draco Malfoy,https://archiveofourown.org/works/1096250
Let Sleeping Dogs Lie,BurningAurora,Krethes,Sirius Black/Remus Lupin,https://open.spotify.com/episode/40LPTsDpxl0ra3CaarCPJX?si=884bf3a6f8ee4ed4
Lettered,JocundaSykes,pir8fancier,Draco Malfoy/Harry Potter,https://archiveofourown.org/works/31625996
Letters Through Time,JocundaSykes,JulietsEmoPhase,Draco Malfoy/Harry Potter,https://archiveofourown.org/works/38849859
Letters Through Time,micha_making_podfics,JulietsEmoPhase,Draco Malfoy/Harry Potter,https://open.spotify.com/episode/0nR6xdgtFUgynAH743b6DG?si=02df8ad8cf5941f5
Letters Without Answers,fire_juggler,Musyc,Hermione Granger/Draco Malfoy,https://archiveofourown.org/works/6304477
Licking a Path to You,ETL_Echo_Audiobooks,drarryruinedme7,Draco Malfoy/Harry Potter,https://archiveofourown.org/works/45744289
Lie With Me,Flowerparrish,mightbewriting,Hermione Granger/Draco Malfoy,https://archiveofourown.org/works/43533813
Life begins at night,Podfics by Juuls (Juulna),noxsoulmate,Hermione Granger/Bill Weasley,https://archiveofourown.org/works/47205787
"Like Paper, Like a Flame",RattleandHum (ThirdEye1234),louisfake,Draco Malfoy/Harry Potter,https://archiveofourown.org/works/38997705
Like You Already Knew,Amanita_Fierce,cmere,Sirius Black/Remus Lupin,https://archiveofourown.org/works/53711860
Lilac Haze,ETL_Echo_Audiobooks,niffizzle,Hermione Granger/Draco Malfoy,https://archiveofourown.org/works/43758426
Long live the beautiful hearts (who find love and tear it apart),RattleandHum (ThirdEye1234),Etalice,Harry Potter/Ginny Weasley,https://archiveofourown.org/works/32715292
Lost Among And Falling,micha_making_podfics,bafflinghaze,Draco Malfoy/Harry Potter,https://open.spotify.com/episode/6aBhHFS5Q0n40SxPCh7njA?si=0280325651ba4eab
Lost in the Middle,Cee5,StarDuchess,Hermione Granger/Draco Malfoy,https://archiveofourown.org/works/1982520
Love's Curse,JocundaSykes,dracofiend,Harry Potter/Severus Snape,https://archiveofourown.org/works/52612321
Lovelight,ETL_Echo_Audiobooks,sweetestsorrows,Hermione Granger/Draco Malfoy,https://archiveofourown.org/works/43757862
Lovesick,wilfriede0815,corvuscrowned,Draco Malfoy/Harry Potter,https://archiveofourown.org/works/51771463
Loving Her Was Green,ETL_Echo_Audiobooks,niffizzle,Hermione Granger/Draco Malfoy,https://archiveofourown.org/works/41115957
Lumos,ETL_Echo_Audiobooks,birdsofshore,Draco Malfoy/Harry Potter,https://archiveofourown.org/works/41439807
Lush Life,JocundaSykes,pir8fancier,Draco Malfoy/Harry Potter,https://archiveofourown.org/works/39096150
M.A.R.Y.S.U.E. Must Die?,picascribit,picascribit,no pairing,https://archiveofourown.org/works/926482/chapters/1801121
Marginal Notes,micha_making_podfics,blamebrampton,Draco Malfoy/Harry Potter,https://open.spotify.com/episode/0ohFSSL8ckhlhKk40UPLYZ?si=00a68ddde1c04b53
Marks,JocundaSykes,florahart,Harry Potter/Severus Snape,https://archiveofourown.org/works/31902019
marry me (today and every day),peaceinpanem,grimjobs,Barty Crouch Jr./Evan Rosier,https://archiveofourown.org/works/49118968
Matched Set,lazulus,astolat,Draco Malfoy/Harry Potter,https://archiveofourown.org/works/7448299
Matchmaking en Masquerade,EllaMcSmellBella,Mamapotterhead2492,Hermione Granger/Draco Malfoy,https://archiveofourown.org/works/42032040
Meeting by Starligh,reveriepi,Lomonaaeren,Draco Malfoy/Harry Potter,https://archiveofourown.org/works/43968753
Memory Mews,EllaMcSmellBella,Musyc,Hermione Granger/Draco Malfoy,https://archiveofourown.org/works/43630329
Ménage à Trois,picascribit,picascribit,Sirius Black/Remus Lupin/Original Male Character(s),https://archiveofourown.org/works/937514
Miles to go Before I Sleep,JocundaSykes,pluperfectsunrise,Harry Potter/Severus Snape,https://archive.org/details/milestogobeforeisleep
Mistletoe Rescue,ETL_Echo_Audiobooks,In_Dreams,Draco Malfoy/Harry Potter,https://archiveofourown.org/works/52303510
Moldova's Magical Tea,ETL_Echo_Audiobooks,aibidil,Draco Malfoy/Harry Potter,https://archiveofourown.org/works/45669469
Months In The Greenhouse,DontStopHerPodfics,DontStopHerNow,Neville Longbottom/Pansy Parkinson,https://archiveofourown.org/works/47077375
Mr Popular,GreenIbis,GreenIbis,Sirius Black/Remus Lupin,https://archiveofourown.org/works/53559580
Murder Bunnies,EllaMcSmellBella,"Avendell, senlinyu",Hermione Granger/Draco Malfoy,https://archiveofourown.org/works/50388181
Must Be The Whiskey,The Dramione Archives,In_Dreams,Hermione Granger/Draco Malfoy,https://open.spotify.com/episode/7mIsrePXVrGCur6UCFkCup?si=d09598a571fb4ee8
My heart was far too glad,ETL_Echo_Audiobooks,MaesterChill,Draco Malfoy/Harry Potter,https://archiveofourown.org/works/46300159
Newt,lazulus,astolat,Draco Malfoy/Harry Potter,https://archiveofourown.org/works/7387306
"night by night, I let you eat me alive",BurningAurora,emeryhall,Sirius Black/Remus Lupin,https://open.spotify.com/episode/3RltP9N65wPhPWsU1uE4sX?si=e32449e547dd4073
No Matter What,Draco Malfoy Podfics,fallingforfictionalcharacterss,Hermione Granger/Draco Malfoy,https://open.spotify.com/episode/2WsZpP0jKLSqeQL4OXPtwA?si=Gh829QrOSSCd5axJ15bIxA
No Net Below,BuffaloWingQueen3,Pia_Bartolini,Hermione Granger/Draco Malfoy,https://archiveofourown.org/works/43462173
No Place to Hide,Static_Whisper,Aneiria,Draco Malfoy/Harry Potter,https://archiveofourown.org/works/33441250
No Room at the Inn,fire_juggler,Dementordelta,Harry Potter/Severus Snape,https://archiveofourown.org/works/309652
Not Exactly Cinderella,Flowerparrish Pods (Flowerparrish),katmarajade,Kingsley Shacklebolt/Nymphadora Tonks,https://archiveofourown.org/works/38807637
Not Safe For Work,ETL_Echo_Audiobooks,eggbagelsjr,Hermione Granger/Draco Malfoy,https://archiveofourown.org/works/43757550
Not the Prime Minister,Flowerparrish Pods (Flowerparrish),Ovely,Nick CleggKingsley Shacklebolt,https://archiveofourown.org/works/44089206
Now Is A Gift,ETL_Echo_Audiobooks,senlinyu,Hermione Granger/Draco Malfoy,https://archiveofourown.org/works/41137842
"oh, we were bound to get together",micha_making_podfics,nikkiRA,Sirius Black/Remus Lupin,https://open.spotify.com/episode/0AN2fH216BgF8dEH9QpMbB?si=0c4976db832a4540
Oliver Wood is still mad 'cause there's no Quidditch in 1994,"Eleanor_Elizabeth, micha_making_podfics, with (bluedreaming), with (wilfriede0815)",,no pairing,https://archiveofourown.org/works/50604646
On The Cusp of Slytherin,picascribit,picascribit,Minerva McGonagall/Tom Riddle,https://archiveofourown.org/works/924659
On the Deficiencies of Translation Spells,JocundaSykes,LilaDiurne,Harry Potter/Severus Snape,https://archiveofourown.org/works/52198651
One Hell of a Woman,picascribit,picascribit,Kingsley Shacklebolt/Helga Hufflepuff,https://archiveofourown.org/works/939785
One Night,ETL_Echo_Audiobooks,"elithien, senlinyu",Hermione Granger/Draco Malfoy,https://archiveofourown.org/works/41138280
One Sniff,The Dramione Archives,PotionChemist,Hermione Granger/Draco Malfoy,https://open.spotify.com/episode/5j26iLU4omQCT7RXXplCA1?si=6f9f1522791a4a29
"one step, not much (but it said enough)",peaceinpanem,peaceinpanem,Sirius Black/Remus Lupin,https://archiveofourown.org/works/48480676?view_adult=true
Orange Blossoms,JocundaSykes,danpuff,Harry Potter/Severus Snape,https://archiveofourown.org/works/39748317
Out In The Open,ETL_Echo_Audiobooks,lettered,Draco Malfoy/Harry Potter,https://archiveofourown.org/works/43048092
Out of Mind,SEP FanFic Readings,galfoy,Hermione Granger/Draco Malfoy,https://open.spotify.com/episode/302RNjYF5PJPZOblTJpr8K?si=5bcb2a85faf6483e
Out of Order,The Dramione Archives,workofstone,Hermione Granger/Draco Malfoy,https://open.spotify.com/episode/10dwKAkS9wuEBLyCr7amAR?si=25647dc766a94a98
Owl in a Day’s Work,RattleandHum (ThirdEye1234),Moonflower_Rose,Draco Malfoy/Harry Potter,https://archiveofourown.org/works/36882463
Padfoot’s Seven Step Plan to Ensnare Moony for Life,peaceinpanem,Remy_Writes5,Sirius Black/Remus Lupin,https://archiveofourown.org/works/49694734
Pansy character Sketch,SilverMiss Fanfiction,colubrina,Hermione Granger/Draco Malfoy,https://open.spotify.com/episode/59SP1uEgVWhI1GdRBoCa1I?si=5594e5f0dc9340b3
Paper Thin Hotel,picascribit,picascribit,Regulus Black/Severus Snape,https://archiveofourown.org/works/968777
Paradise,inmyownlittle_podfic_corner,Maira,Pansy Parkinson/Ginny Weasley,https://archiveofourown.org/works/45156661
Pentamerone,luckytiger96,drawlight,Harry Potter/Severus Snape,https://archiveofourown.org/works/53021680
Perfect,ETL_Echo_Audiobooks,Kyonomiko,Hermione Granger/Draco Malfoy,https://archiveofourown.org/works/40894365
"Pigeons, Crips, and Three Claiming Bites",BurningAurora,Quietlemonhush,Sirius Black/Remus Lupin,https://open.spotify.com/episode/4LqVffGDJrepJKL7jFTA2F?si=b7d1dceab20747fd
Pilgrim Soul,kitartpods (kitsunerei88),Tavina,Cho Chang/Blaise Zabini,https://archiveofourown.org/works/47187019
Pinky Promises Are Powerful Magic,reveriepi,megyal,Draco Malfoy/Harry Potter,https://archiveofourown.org/works/44655601
"Pirates, Parrots, and Pining (oh my)",BurningAurora,OptimisticDinosaur,Sirius Black/Remus Lupin,https://open.spotify.com/episode/59DZ5pHNggDEFoiWO3uq6N?si=54a9435951874948
Playing with Potions,The Dramione Archives,madmarauder24,Hermione Granger/Draco Malfoy/Theodore Nott,https://open.spotify.com/episode/1KLtQ89Kd3vOndRPv3cfPR?si=d7c96b362348482e
Pleading the Major Fifth,BurningAurora,Krethes,Sirius Black/Remus Lupin,https://open.spotify.com/episode/00AjfBd82iJ2zyarFRmlS0?si=5dd51b0dd2b04cb6
"Please, Call Me Narcissa",DontStopHerPodfics,DontStopHerNow,"Lucius Malfoy/Narcissa Black Malfoy, Narcissa Black Malfoy/Kingsley Shacklebolt",https://archiveofourown.org/works/48962719
Poetry Like Love,micha_making_podfics,porcelainsalt (bluedreaming),Draco Malfoy/Harry Potter,https://archiveofourown.org/works/47034991
Point to Point,JocundaSykes,worksofstone,Hermione Granger/Draco Malfoy,https://archiveofourown.org/works/36287671
Poison & Wine,EllaMcSmellBella,DarkoftheMoon,Hermione Granger/Draco Malfoy,https://archiveofourown.org/works/41781660
Potter,micha_making_podfics,Quine,Draco Malfoy/Harry Potter,https://open.spotify.com/episode/5q7FqREjyLERSVe8fvx3gO?si=1bf3e361057049ba
Power Couple,ETL_Echo_Audiobooks,"elithien, senlinyu",Hermione Granger/Draco Malfoy,https://archiveofourown.org/works/41138775
Presents,Draco Malfoy Podfics,fallingforfictionalcharacterss,Hermione Granger/Draco Malfoy,https://open.spotify.com/episode/4bg7JeLzVOgPgwd8AA8bUh?si=GYwcmpsSTDm6Ahiw4miXHA
Prior,kitartpods (kitsunerei88),Tavina,Cho Chang/Blaise Zabini,https://archiveofourown.org/works/40912089
Priority 0 ,Ashata,anonymous,Sirius Black/Remus Lupin,https://open.spotify.com/episode/3brabEpwFcfRAUT3QoMCY8?si=8abbfc7174014184
Prometheus,The Dramione Archives,CanadianMuggle,Hermione Granger/Draco Malfoy,https://open.spotify.com/episode/226XtVOE3y4iPGLKNLLvZz?si=6b2b974c39a7468a
Queen of Lonely Hearts,ETL_Echo_Audiobooks,raven_maiden,Hermione Granger/Draco Malfoy,https://archiveofourown.org/works/41137884
Quintuple Meter,BurningAurora,Krethes,Sirius Black/Remus Lupin,https://archiveofourown.org/works/52881178?view_adult=true
R O S E S,ETL_Echo_Audiobooks,ambpersand,Hermione Granger/Draco Malfoy,https://archiveofourown.org/works/41249274
Radically Both,BurningAurora,synonomu,Sirius Black/Remus Lupin,https://open.spotify.com/episode/5EfZUAzDICGjeI8vntFovp?si=13dd04321f4c4e7d
Rebirth,ETL_Echo_Audiobooks,"elithien, senlinyu",Hermione Granger/Draco Malfoy,https://archiveofourown.org/works/41138919
Red Or Green,EllaMcSmellBella,Senlinyu,Hermione Granger/Draco Malfoy,https://archiveofourown.org/works/43407703
Redefining Bill Weasley,fire_juggler,the_minx_17,Harry Potter/Bill Weasley,https://archiveofourown.org/works/309661
Redemption,fire_juggler,khasael,Draco Malfoy/Harry Potter,https://archiveofourown.org/works/7505032
Reflections,peaceinpanem,souljelly,Luna Lovegood/Ginny Weasley,https://archiveofourown.org/works/50578783
Refuge From The Miseries of Life,Heartless Podfics,heOnceandFutureQueenofTarts,Harry Potter/Tom Riddle,https://open.spotify.com/episode/5Z9x0FusZG8bizcWo82oKU?si=a139a388565f4df4
Reigniting Harry Potter (A Task For Draco Malfoy),reveriepi,QueenofThyme,Draco Malfoy/Harry Potter,https://archiveofourown.org/works/49400593
Rendezvous Interrupted,AmyPC,BoredRavenvlaw620,Hermione Granger/Draco Malfoy,https://archiveofourown.org/works/36958288
Reparatio,lazulus,astolat,Draco Malfoy/Harry Potter,https://archiveofourown.org/works/7243732
Return of the Bastard Black,ETL_Echo_Audiobooks,Plume (smoke_and_plume),Regulus Black/Hermione Granger,https://archiveofourown.org/works/43758552
Ribbons Down Her Back,EllaMcSmellBella,LovesBitca8,Hermione Granger/Draco Malfoy,https://archiveofourown.org/works/43425150
riddle me this,ETL_Echo_Audiobooks,megamegaturtle,Hermione Granger/Draco Malfoy,https://archiveofourown.org/works/40894680
Riding Lessons,SilverMiss Fanfiction,colubrina,Marcus Flint/Hermione Granger,https://open.spotify.com/episode/7dSHIgv6c48jKzBBGGAsts?si=688bcbeef3904d60
Rivalry,micha_making_podfics,Ladderofyears,Draco Malfoy/Harry Potter,https://archiveofourown.org/works/47034949
Rough Seas (and Hard Sails),BurningAurora,heartofspells,Sirius Black/Remus Lupin,https://open.spotify.com/episode/19DqD2nGtzBLtcmU6KD5lw?si=c6b20183b89145d0
Ruined,TheseLittleWonders,In_Dreams,Hermione Granger/Theodore Nott,https://archiveofourown.org/works/52882027
Ruined,TheseLittleWonders,In_Dreams,Hermione Granger/Theodore Nott,https://archiveofourown.org/works/52882027
Ruining Pansy Parkinson,DontStopHerPodfics,DontStopHerNow,Pansy Parkinson/Percy Weasley,https://archiveofourown.org/works/47181571
Savage,fire_juggler,Marguerite_26,Draco Malfoy/Harry Potter,https://archiveofourown.org/works/309338
Say that again,ETL_Echo_Audiobooks,pixydustworld,Hermione Granger/Draco Malfoy,https://archiveofourown.org/works/45685513
scared but reckless,Rionaa,Someone_aka_Me,Draco-Charlie Weasley,https://archiveofourown.org/collections/31172150
School Shopping,kitartpods (kitsunerei88),capsquared,Percy Weasley/Oliver Wood,https://archiveofourown.org/works/48728005
Sealed With a Kiss,JocundaSykes,Faith Wood,Draco Malfoy/Harry Potter,https://archiveofourown.org/works/39010452
Sectumsempra,Draco Malfoy Podfics,fallingforfictionalcharacterss,Hermione Granger/Draco Malfoy,https://open.spotify.com/episode/5n758pa8h9654JG0h61msC?si=TbYxPKZ3TtOBEhQtIp1BYQ
Seeker Fit,The Dramione Archives,"elithean, senlinyu",Hermione Granger/Draco Malfoy,https://open.spotify.com/episode/0PDJKD6lDG79pih8o44YMj?si=2fdca54a271540ec
Sehnsucht,ETL_Echo_Audiobooks,ambpersand,Hermione Granger/Draco Malfoy,https://archiveofourown.org/works/43756803
Sesame Seeds and the Entire Spectrum of Human Emotion,ETL_Echo_Audiobooks,ronbinary ,Draco Malfoy/Harry Potter,https://archiveofourown.org/works/45773455
Sex and the Art of Castle Maintenance,ETL_Echo_Audiobooks,birdsofshore,Draco Malfoy/Harry Potter,https://archiveofourown.org/works/48798391
Shampoo,Draco Malfoy Podfics,fallingforfictionalcharacterss,Hermione Granger/Draco Malfoy,https://open.spotify.com/episode/1YiaWlpPzLMggDipLL74yt?si=6UHYnHdxSHShUpQkVCRJKQ
Shelf Control,ETL_Echo_Audiobooks,IN_Dreams,Hermione Granger/Draco Malfoy,https://archiveofourown.org/works/47475829
Shooting Star,EllaMcSmellBella,Musyc,Hermione Granger/Draco Malfoy,https://archiveofourown.org/works/43407658
Silver lime and Thestral hair,ETL_Echo_Audiobooks,gnarf,Draco Malfoy/Harry Potter,https://archiveofourown.org/works/50322067
Sine Qua Non,JocundaSykes,dracofiend,Harry Potter/Severus Snape,https://archiveofourown.org/works/23931601
"Sirius Black, Matchmaker Extraordinaire",peaceinpanem,peaceinpanem,"Sirius Black/Remus Lupin, Regulus Black/James Potter",https://archiveofourown.org/works/48264766
Slithering,lazulus,astolat,Draco Malfoy/Harry Potter,https://archiveofourown.org/works/7694998
Slowly Toward Desire,ETL_Echo_Audiobooks,Phlox,Hermione Granger/Draco Malfoy,https://archiveofourown.org/works/41368188
"Slytherins Respect Power, Correct?",Heartless Podfics,ATiredAndDeadWriter,Harry Potter/Tom Riddle,https://open.spotify.com/episode/6UVCCKoIE6tPyX1Zsaug5X?si=309b23f3b8384294
Snow Fall,ETL_Echo_Audiobooks,senlinyu,Hermione Granger/Draco Malfoy,https://archiveofourown.org/works/41137668
Snowdeer Charms and Concussions,ETL_Echo_Audiobooks,ArielSakura,Harry Potter/Tom Riddle,https://archiveofourown.org/works/51958093
Snowfall,EllaMcSmellBella,SenLinYu,Hermione Granger/Draco Malfoy,https://open.spotify.com/episode/2YB9kTlk4rIEIJ1x3UefKq?si=7d722f003ac546a9
Sock Snowmen,ETL_Echo_Audiobooks,emeraldlove,Harry Potter/Severus Snape,https://archiveofourown.org/works/51957925
Something About the Muggle Way,ETL_Echo_Audiobooks,ArielSakura,Draco Malfoy/Charlie Weasley,https://archiveofourown.org/works/43313182
Something to Squeal About,sophinisba,Amanuensis ,Cho Chang/Luna Lovegood,https://archiveofourown.org/works/9930272
Soulmate Flowers,JocundaSykes,Lilian,Harry Potter/Severus Snape,https://archiveofourown.org/works/25054021
Starting Again,micha_making_podfics,tamerofdarkstars,Draco Malfoy/Harry Potter,https://open.spotify.com/episode/1pBgj31YASjNXbLooVcvdb?si=4e6817a81c4946df
"Statement of Neville Longbottom, File No. 1998/05-2395","Alley_Skywalker, kitartpods (kitsunerei88), peasina",kitsunerei88,Neville Longbottom,https://archiveofourown.org/works/49141465
Still,reveriepi,alexmeg,Draco Malfoy/Harry Potter,https://archiveofourown.org/works/46519570
stood a little while within it,ETL_Echo_Audiobooks,tasteofshapes,Draco Malfoy/Harry Potter,https://archiveofourown.org/works/43521852
Storm In a Teacup,micha_making_podfics,Faith Wood,Draco Malfoy/Harry Potter,https://open.spotify.com/episode/6n4lqyBzYc8wXOP7z72zNf?si=f0a2ea2462224231
Strange Birds,EllaMcSmellBella,HeyJude19,Hermione Granger/Draco Malfoy,https://archiveofourown.org/works/43341369
"Sugar Flurries, Candy Storms",ETL_Echo_Audiobooks,mightbewriting,Hermione Granger/Draco Malfoy,https://archiveofourown.org/works/41137911
Sunshine & Tomatoes,TheseLittleWonders,Colubrina,Luna Lovegood/Theodore Nott,https://archiveofourown.org/works/42405165
Super Nature,BurningAurora,five_ht,Sirius Black/Remus Lupin,https://open.spotify.com/episode/1LOociTT0ZaXFy1ZrYIobu?si=c0f69a86629d4f6c
Surfacing,JocundaSykes,Avioleta,Harry Potter/Severus Snape,https://archiveofourown.org/works/38212093
survival is a talent,Flowerparrish Pods (Flowerparrish),ShanaStoryteller,Draco Malfoy/Harry Potter,https://archiveofourown.org/works/46208491/chapters/116332000
Switch,ETL_Echo_Audiobooks,"elithien, senlinyu",Hermione Granger/Draco Malfoy,https://archiveofourown.org/works/41138709
Sympathy for the Devil,fire_juggler,Writcraft,Scorpius Malfoy/Harry Potter,https://archiveofourown.org/works/309664
Tailor-Made,The Dramione Archives,thebrightcity,Hermione Granger/Draco Malfoy,https://open.spotify.com/episode/3cMsK9x3xTsAC9xVSbZ0nz?si=f3ec4a9ea80947ab
Take This Longing,picascribit,picascribit,Sirius Black/Remus Lupin,https://archiveofourown.org/works/936630
Taste Like Hersheys,Heartless Podfics,youaredespicable,Harry Potter/Tom Riddle,https://open.spotify.com/episode/3r7ltRx2mODcCK7ceKvuEq?si=415a18ab459d4a81
Taste of Affection,ETL_Echo_Audiobooks,dreamsofdramione,Hermione Granger/Draco Malfoy,https://archiveofourown.org/works/42549822
Teeth,ETL_Echo_Audiobooks,Teeth,Hermione Granger/Draco Malfoy,https://archiveofourown.org/works/40894521
Tell Him,ETL_Echo_Audiobooks,tryslora,Draco Malfoy/Harry Potter,https://archiveofourown.org/works/42900240
Temptation Waits,ETL_Echo_Audiobooks,Aneiria,Hermione Granger/Draco Malfoy,https://archiveofourown.org/works/42285840
Ten Months,ETL_Echo_Audiobooks,grace_lou_freebush,Hermione Granger/Draco Malfoy,https://archiveofourown.org/works/41116008
"Thameslink, the 07:29",TheseLittleWonders,sweet_s0rr0w,Draco Malfoy/Harry Potter,https://archiveofourown.org/works/41879274
That Mouth Was Made For Sitting,ETL_Echo_Audiobooks,ambpersand,Hermione Granger/Draco Malfoy,https://archiveofourown.org/works/38174017
"The ""Sweetest, Kindest Person""",Flowerparrish Pods (Flowerparrish),KittyCargo,Sirius Black/Remus Lupin,https://archiveofourown.org/works/44090097
The Adults Guide to Stopping a Wedding,peaceinpanem,peaceinpanem,"Draco Malfoy/Harry Potter, Regulus Black/James Potter, Sirius Black/Remus Lupin",https://archiveofourown.org/works/49083463
The Art of Seating Etiquette,ETL_Echo_Audiobooks,inadaze22,Hermione Granger/Draco Malfoy,https://archiveofourown.org/works/41116086
The Auror Who Cried (Were)Wolf,EllaMcSmellBella,ChaosAndCrumpets,Hermione Granger/Draco Malfoy,https://archiveofourown.org/works/50141968
"the billboard says ""the end is near""",Dramione Podfics,,Hermione Granger/Draco Malfoy,https://open.spotify.com/episode/5EV4yCgv4xMCqkT1R2lcmX?si=e55fd0025dea4d26
The Black Cat of Good Fortune,fire_juggler,Kitty_Fic,Draco Malfoy/Harry Potter,https://archiveofourown.org/works/309303
The Boggart,Draco Malfoy Podfics,fallingforfictionalcharacterss,Hermione Granger/Draco Malfoy,https://open.spotify.com/episode/4mlbO3kcEvmTZ2Mz3Qn1GR?si=wnfTy-BYSkuOm3e8KRBSfA
The Boy Who Died a Lot,JocundaSykes,starcrossedgirl,Harry Potter/Severus Snape,https://archiveofourown.org/works/25246474
The Call of Sweet Things,"Cailynwrites, CelilasPodfics (LLAP115), Eleanor_Elizabeth, HelloCheshire, jc647, kitartpods (kitsunerei88), LauDH8, Melcarrianna, millennialgrandma, PhenomenalAsterisk, philowriting, Podfic by (Thunder_of_Dragons), Rambling_Company, read by (ashata), read by (horchatapods), Rhyebony, roseszain multivoices (roseszain), SassySaori, sweaters_in_the_summer, TheseLittleWonders, uncanny_cerulean, with (bluedreaming), with (Literarion)",softlystarstruck,Draco Malfoy/Harry Potter,https://archiveofourown.org/works/51950356/chapters/131368627
The Cat With The Stars in Her Eyes,Cailynwrites,majesticduxk,Luna Lovegood,https://archiveofourown.org/works/10349880
The Chase,The Dramione Archives,CaityBell,Hermione Granger/Draco Malfoy,https://open.spotify.com/episode/7bFvOQ8y0MuYIPXtbvJws1?si=c345dd7143f94bb6
The Christmas Candle,inmyownlittle_podfic_corner,LookAnotherNote,Millicent Bulstrode/Pansy Parkinson,https://archiveofourown.org/works/45175081
The Dare,peaceinpanem,peaceinpanem,Regulus Black/James Potter,https://archiveofourown.org/works/48504115
The Disappearing Act,inmyownlittle_podfic_corner,IzzieStellar,Hermione Granger/Ginny Weasley,https://archiveofourown.org/works/45154933
The Dursleys' Worst Nightmare,picascribit,picascribit,Cho Chang/Dudley Dursley,https://archiveofourown.org/works/945805
The Enchanted Forest,ETL_Echo_Audiobooks,xslytherclawx,Draco Malfoy/Harry Potter,https://archiveofourown.org/works/52416967
the first kiss,ETL_Echo_Audiobooks,"elithien, senlinyu",Hermione Granger/Draco Malfoy,https://archiveofourown.org/works/41138352
The Full Monty,micha_making_podfics,magpie_fngrl,Draco Malfoy/Harry Potter,https://open.spotify.com/episode/37wUeKfd3MKTmpx47AcQEI?si=349dc7ff954a4100
The Full Monty,sweaters_in_the_summer,magpie_fngrl,Draco Malfoy/Harry Potter,https://archiveofourown.org/works/47444920
The Girl in the Back,DontStopHerPodfics,LadyVoldy,Luna Lovegood/Ginny Weasley,https://archiveofourown.org/works/43166520
"The Great Biscuit Calamity of 1978, and Other Such Disasters",Cailynwrites,Lunatik_Pandora,Sirius Black/Remus Lupin,https://archiveofourown.org/works/51958027
The Highest Pub,BurningAurora,WrappedUp,Sirius Black/Remus Lupin,https://open.spotify.com/episode/0IDd0Jd56Y8U16c1nQyfRi?si=5d7f5e886db745fd
The Illuminating Case of Amortentia,ETL_Echo_Audiobooks,Aneiria,Hermione Granger/Draco Malfoy,https://archiveofourown.org/works/40894251
The Inbred Problem,The Dramione Archives,Elantil,Hermione Granger/Draco Malfoy,https://open.spotify.com/episode/7ui9aGMrNDBZJnSDl110Bz?si=d649ed7081d94794
The Informant,DontStopHerPodfics,DontStopHerNow,Pansy Parkinson/Ron Weasley,https://archiveofourown.org/works/49021075
The Last Coffee,sweaters_in_the_summer,kbrick,Draco Malfoy/Harry Potter,https://archiveofourown.org/works/44374756
The Magic in the Marrow,EllaMcSmellBella,Tygermine,Hermione Granger/Draco Malfoy,https://archiveofourown.org/works/41927907/chapters/105231870
The Meaning of Sin,ETL_Echo_Audiobooks,ambpersand,Draco Malfoy/Harry Potter,https://archiveofourown.org/works/41232819
The Mirror Lied,teas_me,"stripped, tryslora",Hermione Granger/Draco Malfoy,https://archiveofourown.org/works/533847
The Morning After,ETL_Echo_Audiobooks,birdsofshore & capitu,Draco Malfoy/Harry Potter,https://archiveofourown.org/works/46167424
The Nexr Twenty Four Hours,JocundaSykes,Sarahs_Girll,Draco Malfoy/Harry Potter,https://archive.org/details/the-next-twenty-four-hours_2
The Nutcracker Pas de Deux,ETL_Echo_Audiobooks,HeyJude19 ,Hermione Granger/Draco Malfoy,https://archiveofourown.org/works/41137959
The Once and Future Headmaster ,JocundaSykes,Leta LaVelle,Albus Dumbledore/Harry Potter,https://archiveofourown.org/works/23245459
The perfect match,Juuls (Juulna),noxsoulmate,Hermione Granger/Draco Malfoy,https://archiveofourown.org/works/47156278
The Perks of Farmers Markets,ETL_Echo_Audiobooks,niffizzle,Hermione Granger/Draco Malfoy,https://archiveofourown.org/works/41116134
The Picardy Third,ETL_Echo_Audiobooks,"ihopeyoubothstaysafefromharm, porcelainsalt",Draco Malfoy/Harry Potter,https://archiveofourown.org/works/44640703
the price of peace,kitartpods (kitsunerei88),Aramork,Draco Malfoy/Harriet Potter | Rigel Black,https://archiveofourown.org/works/41034201
the price of water,"Killing, Saving",Peppershark,Hermione Granger/Tom Riddle,https://open.spotify.com/episode/4qQ2heUwWMWH78qAa6b8B2?si=83530bcb60df4362
The Quidditch Bet,The Dramione Archives,Ramaan,Hermione Granger/Draco Malfoy,https://open.spotify.com/episode/4xGDbX3w3jiptbwYOk4kKu?si=ee5406e20bbf4b1d
The Ripples They Cause,ETL_Echo_Audiobooks,p1013,Draco Malfoy/Harry Potter,https://archiveofourown.org/works/51541042
The Secret Girlfriend,picascribit,picascribit,Sirius Black/Remus Lupin,https://archiveofourown.org/works/6737545
The Seduction,ETL_Echo_Audiobooks,senlinyu,Hermione Granger/Draco Malfoy,https://archiveofourown.org/works/40867644
The Seduction,The Dramione Archives,SenLinYu,Hermione Granger/Draco Malfoy,https://open.spotify.com/episode/0VPSm0Oaq3GQTZd8y0SlgM?si=3a69051980354e12
the shame was on the other side,kitartpods (kitsunerei88),basketofnovas (slashmarks),Hermione Granger/Draco Malfoy,https://archiveofourown.org/works/48983839
The Singing Astronaut,JocundaSykes,TreggiDi,Harry Potter/Severus Snape,https://archiveofourown.org/works/32286187
the stranger in the shell of a lover,Cailynwrites,basketofnovas (slashmarks),Lily Evans Potter/Severus Snape,https://archiveofourown.org/works/53403502
The Tapestry,ETL_Echo_Audiobooks,abrilas,Hermione Granger/Draco Malfoy,https://archiveofourown.org/works/38174122
The Testimony,Podfics by Juuls (Juulna),noxsoulmate,Draco Malfoy/Harry Potter,https://archiveofourown.org/works/47151028
The Thread Measurer's Apprentice,fire_juggler,Sansa,Draco Malfoy/Harry Potter,https://archiveofourown.org/works/309646
"The Three Words Collection:Part 1, Collected. Contrite. Sincere",ETL_Echo_Audiobooks,"abrilas, HeyJude21",Hermione Granger/Draco Malfoy,https://archiveofourown.org/works/41137440
"The Three Words Collection:Part 2, Steady. Earnest. Patient.",ETL_Echo_Audiobooks,"abrilas, HeyJude20",Hermione Granger/Draco Malfoy,https://archiveofourown.org/works/41137461
"The Three Words Collection:Part 3, Resolute. Eager. Infinite. ",ETL_Echo_Audiobooks,"abrilas, HeyJude19",Hermione Granger/Draco Malfoy,https://archiveofourown.org/works/41137509
"The Three Words Collection:Part 4, Proud. Desperate. Cherished.",ETL_Echo_Audiobooks,"abrilas, HeyJude19",Hermione Granger/Draco Malfoy,https://archiveofourown.org/works/41137563
The Tragic Dumpling Affair of 1986,BurningAurora,heartofspells,Sirius Black/Remus Lupin,https://open.spotify.com/episode/3xS1Ojc8TpU8yVCySYFQW7?si=a2d591e21a3741c8
The Trembling of the Moment,JocundaSykes,bluedreaming,Draco Malfoy/Harry Potter,https://archiveofourown.org/works/31193333
The Truth Shall Set You Free...and all that mess,The Dramione Archives,LiloLilyAnn,Hermione Granger/Draco Malfoy,https://open.spotify.com/episode/0zW8UErFls3I8cjEITaQaD?si=b160060c85044fed
The Warmth at Our Backs,malpal132,ETL_Echo_Audiobooks,Hermione Granger/Draco Malfoy,https://archiveofourown.org/works/43757730
The Wedding Alliance & Catching Stars,The Dramione Archives,"AimeeDaraLyon, S2dSoul",Hermione Granger/Draco Malfoy,https://open.spotify.com/episode/0jphKcRYS5f0wAxixbIdTZ?si=a38ae9d422864cb5
The World Ahead,Snamione Reads,Turtle_wexler,Hermione Granger/Severus Snape,https://open.spotify.com/episode/5SwCGzoaUDklVa6qd1X3sB?si=7dcb67e4ff9a4eec
There Will Be Blood,kitartpods (kitsunerei88),TheFeistyRogue,Sirius Black/James Potter/Lily Evans Potter,https://archiveofourown.org/works/50255050
They'll Be Home For Christmas,EllaMcSmellBella,Musyc,Hermione Granger/Draco Malfoy,https://archiveofourown.org/works/43407714
Things We Wish For ,JocundaSykes,Avioleta,Harry Potter/Severus Snape,https://archiveofourown.org/works/37090153
things will be good now,kitartpods (kitsunerei88),kitsunerei88,longbottom family,https://archiveofourown.org/works/50044054
Thrall,picascribit,picascribit,Lorcan d'Eath/Molly Weasley/Ron Weasley,https://archiveofourown.org/works/978512
Three Reasons,ETL_Echo_Audiobooks,niffizzle,Hermione Granger/Draco Malfoy,https://archiveofourown.org/works/41116179
Time After Time,Static_Whisper,bluefay,Luna Lovegood/Ginny Weasley,https://archiveofourown.org/works/32246182
Timeshare,lazulus,astolat,Draco Malfoy/Harry Potter,https://archiveofourown.org/works/7226839
Tingles,The Dramione Archives,BooBack,Hermione Granger/Draco Malfoy,https://open.spotify.com/episode/6iHwmuKtyzdatK90YBtauu?si=b8acd97c115e42da
Tipping Scales,"Cannibalschism, chrishuyen","Cannibalschism, chrishuyen",Draco Malfoy/Harry Potter,https://archiveofourown.org/works/40937652
tis the damn season (Pansy's version),ETL_Echo_Audiobooks,thefrancakes,Pansy Parkinson/Ron Weasley,https://archiveofourown.org/works/52139695
tis the damn season (Pansy's version),ETL_Echo_Audiobooks,thefrancakes,Pansy Parkinson/Ron Weasley,https://archiveofourown.org/works/52139695
Too Many Potters ,reveriepi,dysonrules,Draco Malfoy/Harry Potter,https://archiveofourown.org/works/46580605
Too Many Potters ,reveriepi,phdmama,Draco Malfoy/Harry Potter,https://archiveofourown.org/works/46580440
Tournesol,ETL_Echo_Audiobooks,meandminniemcg,Draco Malfoy/Harry Potter,https://archiveofourown.org/works/48807475
Transformed,EllaMcSmellBella,Art3misiA,Hermione Granger/Draco Malfoy,https://archiveofourown.org/works/50248867
TransLate,picascribit,picascribit,Sirius Black/Remus Lupin,https://archiveofourown.org/works/2414027
Transparency,ETL_Echo_Audiobooks,mightbewriting,Hermione Granger/Draco Malfoy,https://archiveofourown.org/works/41137992
Truce,ReadByBelle,InspiraPens,Hermione Granger/Severus Snape,https://archiveofourown.org/works/48686089
Tuesday Nights,ETL_Echo_Audiobooks,firethesound,Draco Malfoy/Harry Potter,https://archiveofourown.org/works/48707452
Tuney Changes Her Tune,inmyownlittle_podfic_corner,Zorak23,no pairing,https://archiveofourown.org/works/44788684
Two Begin to Bloom by WoodenSuitcase,Cailynwrites,WoodenSuitcase,Gilderoy Lockhart/Severus Snape,https://archiveofourown.org/works/53286817
Uncontrolled Magic,ETL_Echo_Audiobooks,whimsymanaged,Hermione Granger/Draco Malfoy,https://archiveofourown.org/works/47460010
United We Stand,Dramion Reads by OhMoreFina,SenLinYu,Hermione Granger/Draco Malfoy,https://open.spotify.com/episode/3sLNyOxLKNSngNBCj7ybEc?si=b302e7969d9e4b22
United We Stand,ETL_Echo_Audiobooks,"elithien, senlinyu",Hermione Granger/Draco Malfoy,https://archiveofourown.org/works/41138127
Unseen,lazulus,astolat,Draco Malfoy/Harry Potter,https://archiveofourown.org/works/7376473
Unseen,micha_making_podfics,astolat,Draco Malfoy/Harry Potter,https://open.spotify.com/episode/6y7m0Kky7Jx1IF0BqGxhTs?si=3a46117049184341
Untouchable,melissamwrites,melissamwrites,Regulus Black/Sirius Black/Remus Lupin/James Potter,https://archiveofourown.org/works/49229659
Vacivity,ETL_Echo_Audiobooks,"skitter, abrilas",Hermione Granger/Draco Malfoy,https://archiveofourown.org/works/47454331
Variations on Intimacy,ETL_Echo_Audiobooks,Icepower55,Hermione Granger/Draco Malfoy,https://archiveofourown.org/works/38174269
vial,kitartpods (kitsunerei88),PoisonousCephalopod,Francesca Lam (Revolutionary Arc),https://archiveofourown.org/works/46913824
Vigil,JocundaSykes,kelly_chambliss,Minerva McGonagall/Severus Snape,https://archiveofourown.org/works/31297667
Waiting to Divide,JocundaSykes,emynn,Harry Potter/Severus Snape,https://archiveofourown.org/works/28345068
Walking in a Wizard Wonderland,Ashata,YumeNouveau,Sirius Black/Remus Lupin,https://archiveofourown.org/works/43681941
Warmth,ETL_Echo_Audiobooks,emeraldlove,James Potter/Lily Evans Potter/Severus Snape,https://archiveofourown.org/works/51702328
wasps and honey,ETL_Echo_Audiobooks,swoons,Hermione Granger/Narcissa Black Malfoy,https://archiveofourown.org/works/46674634
Wassailing to the Wand-Wood Trees,ETL_Echo_Audiobooks,Aneiria,Hermione Granger/Draco Malfoy,https://archiveofourown.org/works/41138031
Watch The Castles Burn by Moonflower_Rose,reveriepi,Moonflower_Rose,Draco Malfoy/Harry Potter,https://archiveofourown.org/works/51769144
Ways of Dying,kitartpods (kitsunerei88),Tavina,Cho Chang & Percy Weasley,https://archiveofourown.org/works/47163424
Wears the Trousers,fire_juggler,AbstractConcept,Harry Potter/Severus Snape,https://archiveofourown.org/works/309657
"Well Said, Hermione",ETL_Echo_Audiobooks,mightbewriting,Hermione Granger/Draco Malfoy,https://archiveofourown.org/works/41116221
What Remains,micha_making_podfics,doshu,Draco Malfoy/Harry Potter,https://archiveofourown.org/works/47034835
What Was Lost And What Remains,TrillbySkinner,pacificrimbaud,Hermione Granger/Draco Malfoy,https://archive.org/details/what-was-lost-and-what-remains
When Children Play,ETL_Echo_Audiobooks,WrtrGrl,Draco Malfoy/Harry Potter,https://archiveofourown.org/works/43903837
Where the Love-light Gleams,ETL_Echo_Audiobooks,monsterleadmehome,Hermione Granger/Draco Malfoy,https://archiveofourown.org/works/41138067
"White, the colour of flowers",ETL_Echo_Audiobooks,lumosatnight ,Draco Malfoy/Harry Potter,https://archiveofourown.org/works/45860224
Who Shagged Harry Potter?,micha_making_podfics,Faith Wood (faithwood),Draco Malfoy/Harry Potter,https://open.spotify.com/episode/1x9okSA9CWTiczJxnaKC6h?si=65edadce23e44916
Will The Real Draco Malfoy Please Stand Up,The Dramione Archives,Lady_Andalion,Hermione Granger/Draco Malfoy,https://open.spotify.com/episode/5nXx1qqwDG1L4AEZmYy4sc?si=e5535735bf18414d
wish you were sober,peaceinpanem,serendipitysirius,Sirius Black/Remus Lupin,https://archiveofourown.org/works/49671463
with a name like mine,Flowerparrish,smilebackwards,no pairing,https://archiveofourown.org/works/41569131
with a name like mine,Flowerparrish Pods (Flowerparrish),smilebackwards,Regulus Black & Remus Lupin,https://archiveofourown.org/works/41569131
With Love,ETL_Echo_Audiobooks,SmallSherbert,Hermione Granger/Pansy Parkinson,https://archiveofourown.org/works/51958231
Without Pretense,ETL_Echo_Audiobooks,apliddell,Draco Malfoy/Harry Potter,https://archiveofourown.org/works/48851827
Wolf Moon,BurningAurora,maybebabyplease,Sirius Black/Remus Lupin,https://open.spotify.com/episode/4xJSYlTBjYqAW7wQMiqf4Z?si=f408325308e8468c
wolfer,"Killing, Saving",Peppershark,Hermione Granger/Draco Malfoy,https://open.spotify.com/episode/1S1Pvw4uzHYF6keQo8RSfb?si=7f34b3fe3faa4fc0
"World Enough, and Time",ETL_Echo_Audiobooks,Likelightinglass,Harry Potter/Severus Snape,https://archiveofourown.org/works/48825511
Worth It,micha_making_podfics,Autumn_Snuggling,Draco Malfoy/Harry Potter,https://open.spotify.com/episode/0CDYOmnTS9gXCkZ3BvdGTG?si=ddfc218d9cac433f
Worth It,The Dramione Archives,Summerwinds1206,Hermione Granger/Draco Malfoy,https://open.spotify.com/episode/09ix8KPw21M6nVgZyCu3wE?si=ea46d1f13d484cb9
Would You See Me?,ETL_Echo_Audiobooks,anehan,Hermione Granger/Draco Malfoy,https://archiveofourown.org/works/41513931
Wrapped,ETL_Echo_Audiobooks,fluxweed,Draco Malfoy/Harry Potter,https://archiveofourown.org/works/43390846
Write What You Know,ETL_Echo_Audiobooks,PacificRimbaud,Hermione Granger/Draco Malfoy,https://archiveofourown.org/works/41116284
You See Through My Disguise,Aibidil,Aibidil,Draco Malfoy/Harry Potter,https://archiveofourown.org/works/38061850
Young and Beautiful,JocundaSykes,magpie_fngrl,Draco Malfoy/Harry Potter,https://archiveofourown.org/works/39626436
your heart (is the greatest gift i ever could receive),ReadByBelle,maeshowers,Hermione Granger/Draco Malfoy,https://archiveofourown.org/works/44685658
Yule Ball,Draco Malfoy Podfics,fallingforfictionalcharacterss,Hermione Granger/Draco Malfoy,https://open.spotify.com/episode/1rkRckF8rIpNa0wap7aOv8?si=PNsPhePnRTG13TgaWEw1_w